Id,Location,Ranking,Percentile
"14069","St Louis, MO","1864","0.0012588649009690"
"787893","Liberty, MO","4024","0.0027176353870705"
"703229","St. Louis, MO","6272","0.0042358372633465"
"2029566","St. Louis, MO","11840","0.0079962234052970"
"2495576","St Louis, MO","15824","0.0106868445241065"
"1907","St. Louis, MO","24088","0.0162679923468578"
"669574","St Louis, MO","24560","0.0165867607123392"
"586518","St. Louis, MO","29040","0.0196123587575867"
"53192","Billings, MO","37864","0.0255717063359940"
"136542","St Louis, MO","38384","0.0259228918233888"
"718003","Joplin, MO","42224","0.0285162615764581"
"477513","St. Louis, MO","42744","0.0288674470638529"
"173355","St Louis, MO","42816","0.0289160727467230"
"4065318","St. Louis MO","51752","0.0349510602762614"
"2019426","Senath, MO","55768","0.0376632928096797"
"128319","St Louis, MO","56880","0.0384142894673394"
"2076","St. Louis, MO","57472","0.0388141006376042"
"731285","St. Louis, MO","59952","0.0404889852697948"
"1212550","Kansas City, MO","61504","0.0415371388783270"
"223147","St Louis, MO","63072","0.0425960981941637"
"285371","St Louis, MO","65600","0.0443033999482676"
"127010","Kansas City, MO","65880","0.0444924998260956"
"207415","St Louis, MO","73536","0.0496630307712776"
"185909","Smithville, MO","74608","0.0503870131606761"
"152236","St Louis, MO","76464","0.0516404752079929"
"468405","St Louis, MO","76592","0.0517269208664286"
"15918","Liberty, MO","80520","0.0543797220096724"
"19452","St Louis, MO","83952","0.0566975462264781"
"368714","St Louis, MO","85104","0.0574755571523989"
"447186","St. Louis, MO","97232","0.0656662832891762"
"802077","Kansas City, MO","98064","0.0662281800690079"
"211601","Kansas City, MO","107352","0.0725008931592443"
"74100","Chesterfield, MO","108640","0.0733707525972530"
"1272678","St. Louis, MO","118784","0.0802215710282778"
"228129","Kansas City, MO","118856","0.0802701967111479"
"97811","Kansas City, MO","133248","0.0899899304315056"
"1158","Kansas City, MO","146072","0.0986507048360267"
"80525","St Louis, MO","146576","0.0989910846161171"
"566307","Ferguson, MO","150232","0.1014601887351852"
"397408","Springfield, MO","153728","0.1038212357812087"
"3108601","Columbia, MO","153976","0.1039887242444278"
"571000","St. Joseph, MO","168344","0.1136922494038288"
"396943","Kansas City, MO","190096","0.1283826084842361"
"158755","St Louis, MO","206112","0.1391991214959961"
"1416507","St. Louis, MO","207760","0.1403121093483550"
"639893","Rolla, MO - MST","207960","0.1404471806896607"
"1193268","Kansas City, MO","208584","0.1408686032745345"
"1382648","St. Louis, MO","210808","0.1423705965898538"
"1566724","Blue Springs, MO","214512","0.1448721178308353"
"201297","Columbia, MO","216800","0.1464173339753724"
"385986","St Louis, MO","222384","0.1501885258246274"
"1887149","St. Louis, MO","223656","0.1510475795553316"
"558929","St Louis, MO","224896","0.1518850218714269"
"655543","Columbia, MO","246080","0.1661917783425260"
"2695218","St. Louis, MO","248688","0.1679531086331523"
"1739039","St. Louis, MO","250216","0.1689850536807278"
"1653104","Kansas City, MO","255520","0.1725671456521548"
"2221758","St. Louis, MO","267928","0.1809469716667600"
"1417","St Louis, MO","270488","0.1826758848354729"
"1098768","Columbia, MO","276832","0.1869603477816895"
"250077","Columbia, MO","285680","0.1929359039210535"
"25556","St Louis, MO","293968","0.1985332603047614"
"747761","Springfield, MO","294960","0.1992032141576377"
"2909678","St. Louis, MO","300696","0.2030770602262850"
"105824","St Louis, MO","315928","0.2133640935801266"
"1710264","St. Louis, MO","321032","0.2168111142102479"
"704496","St Louis, MO","321736","0.2172865653316440"
"1169644","Kansas City, MO","326136","0.2202581348403693"
"651768","Kansas City, MO","327360","0.2210847714491601"
"2128265","Kansas City, MO","328144","0.2216142511070784"
"1775548","Kansas City, MO","341272","0.2304803339503842"
"296333","St Louis, MO","342192","0.2311016621203904"
"1048669","Springfield, MO","357496","0.2414373211571021"
"157846","St Louis, MO","361416","0.2440847194466937"
"468586","St Louis, MO","386912","0.2613036140363436"
"1062850","Kansas City, MO","394104","0.2661607794696964"
"263717","Kansas City, MO","434896","0.2937099302424057"
"3204419","KC, MO","436424","0.2947418752899812"
"185869","St. Louis, MO","452944","0.3058987680818316"
"1574413","Humansville, MO","458416","0.3095943199799554"
"93531","St Louis, MO","464936","0.3139976457065210"
"1758121","Saint Louis, MO","493640","0.3333830846107142"
"824383","Saint Louis, MO","498792","0.3368625223627489"
"335696","California, MO","500176","0.3377972160445843"
"227240","St Louis, MO","504280","0.3405688799681771"
"6000","St Louis, MO","516536","0.3488460517633901"
"3444581","Kansas City, MO","550120","0.3715272313954422"
"506127","St Louis, MO","550440","0.3717433455415313"
"1073739","Kansas City, MO","594952","0.4018048232625266"
"591027","St Louis, MO","621912","0.4200124400705342"
"389032","St Louis, MO","622600","0.4204770854846258"
"679704","Bruner, MO","626176","0.4228921610671716"
"2072571","St. Louis, MO","626304","0.4229786067256072"
"4028855","St. Louis, MO","633152","0.4276034494519142"
"731611","St. Louis, MO","670480","0.4528131645932090"
"1861027","Kansas City, MO","674744","0.4556928855898464"
"1456943","St. Louis, MO","676768","0.4570598075638600"
"1146581","St. Louis, MO","688528","0.4650020024326348"
"686128","St Louis, MO","688920","0.4652667422615940"
"2509553","Kansas City, MO","697632","0.4711504498888700"
"259646","Columbia, MO","700048","0.4727821116918428"
"239703","St Louis, MO","710072","0.4795518873180842"
"1710525","Columbia, MO","754528","0.5095755450635139"
"1028329","Kansas City, MO","758008","0.5119257864022329"
"379508","St Louis, MO","772232","0.5215320601958939"
"630603","Billings, MO","775536","0.5237634387542640"
"3862617","Rolla, MO","790624","0.5339532207423655"
"1417679","Saint Louis, MO","832008","0.5619021826853398"
"2008011","Kansas City, MO","834904","0.5638580157074462"
"1472497","Kansas City, MO","849432","0.5736695979398919"
"2327082","St. Louis, MO","850824","0.5746096944753795"
"1652649","Kansas City, MO","852360","0.5756470423766072"
"1715868","Kansas City, MO","890320","0.6012835829564280"
"3993234","St. Louis, MO","906136","0.6119650246268823"
"3542897","St. Louis, MO","915168","0.6180648464002474"
"3836843","FOM institute AMOLF, Amsterdam, The Netherlands","919992","0.6213227671525407"
"1054159","St. Louis, MO","929544","0.6277737744133007"
"3178194","MO","948544","0.6406055518373416"
"202800","St Louis, MO","963272","0.6505522054110930"
"2253477","Kansas City, MO","982712","0.6636811397860064"
"978667","Kansas City, MO","1014640","0.6852439287120474"
"125412","Kansas City, MO","1029912","0.6955579763341502"
"2030345","Springfield, MO","1038968","0.7016740066684721"
"2355796","Kansas City, MO","1042816","0.7042727792751936"
"1219424","MO","1052176","0.7105941180483001"
"2719260","Springfield, MO","1071064","0.7233502555212099"
"147404","Kansas City, MO","1098904","0.7421521862309625"
"2942195","St. Louis, MO","1114088","0.7524068024628908"
"2863398","St. Louis, MO","1135312","0.7667405732022510"
"1118302","St. Louis, MO","1139056","0.7692691087114936"
"1510877","Springfield, MO","1162640","0.7851967212782611"
"3621110","Kansas City, MO","1191496","0.8046848144018466"
"1100894","Kansas City, MO","1198952","0.8097202740057229"
"95592","Independence, MO","333","0.0002248937832739"
"271616","St Louis, MO","389","0.0002627137588395"
"217324","Kansas City, MO","1317","0.0008894447824979"
"592746","St Louis, MO","1509","0.0010191132701514"
"181965","Kansas City, MO","1949","0.0013162702210239"
"120444","Independence, MO","5653","0.0038177914620054"
"733077","St. Louis, MO","6757","0.0045633852660128"
"13892","St Louis, MO","9125","0.0061626299470722"
"17776","Kansas City, MO","12069","0.0081508800910921"
"88622","Amsterdam, MO","17005","0.0114844407945166"
"470912","Kansas City, MO","27149","0.0183352592255414"
"287644","St Louis, MO","29333","0.0198102382725996"
"76137","Columbia, MO","31469","0.0212528001977444"
"150447","St Louis, MO","32469","0.0219281569042729"
"736893","Springfield, MO","34053","0.0229979219274140"
"25375","Springfield, MO","35109","0.0237110986095080"
"800452","St. Louis, MO","36749","0.0248186836082147"
"940217","Springfield, MO","41645","0.0281252300433781"
"413399","Lamar, MO","44309","0.0299243803095700"
"10161","Billings, MO","57189","0.0386229746896567"
"787648","Kansas City, MO","57989","0.0391632600548794"
"49345","Columbia, MO","63077","0.0425994749776963"
"222652","Bolivar, MO","70461","0.0475863088987025"
"218175","Spokane, MO","73677","0.0497582560668981"
"741043","St. Louis, MO","74205","0.0501148444079451"
"2637","St Louis, MO","86381","0.0583379876666358"
"124886","St Louis, MO","88277","0.0596184639822138"
"1294624","St. Louis, MO","88877","0.0600236780061308"
"66536","Kansas City, MO","93429","0.0630979017342484"
"2150274","St. Louis, MO","96957","0.0654805601948809"
"1208166","St. Louis, MO","104485","0.0705646454816272"
"6154","St Louis, MO","104669","0.0706889111156284"
"29683","St Louis, MO","105413","0.0711913765052856"
"50498","Kansas City, MO","119525","0.0807220103478154"
"368918","St Louis, MO","120797","0.0815810640785196"
"1524502","Springfield, MO","121133","0.0818079839319132"
"1202630","St. Louis, MO","141333","0.0954501894037883"
"2740086","Columbia, MO, United States","142989","0.0965685801097994"
"936858","St. Louis, MO","155197","0.1048133347830990"
"943732","St. Louis, MO","156069","0.1054022458311918"
"2175593","St. Louis, MO","165557","0.1118100302627340"
"2009612","Kansas City, MO","171037","0.1155109850145100"
"375456","Jefferson City, MO","185157","0.1250470217106920"
"339424","St Louis, MO","188205","0.1271055089521908"
"237820","St Louis, MO","196021","0.1323840969704173"
"879608","St. Louis, MO","211773","0.1430223158116538"
"288513","Independence, MO","223829","0.1511644162655610"
"1070026","St. Louis, MO","225197","0.1520883042400920"
"1069832","St. Louis, MO","227381","0.1535632832871501"
"36641","Fredericktown, MO","249221","0.1683130737577319"
"106612","St Louis, MO","251429","0.1698042613657468"
"2195658","St Louis, MO","271133","0.1831114899111838"
"963866","St. Louis, MO","274037","0.1850727257869425"
"347822","Springfield, MO","287709","0.1943062026785997"
"562011","Columbia, MO","295757","0.1997414734527409"
"2926530","Kansas City, MO","299005","0.2019350320355453"
"1819241","St. Louis, MO","312541","0.2110766604151147"
"563942","Kansas City, MO","314197","0.2121950511211259"
"587020","St. Louis, MO","321829","0.2173493735053511"
"888580","Ellisville, MO","329717","0.2226765872064477"
"1825301","St. Louis, MO USA","332485","0.2245459745701185"
"656780","St Louis, MO","355005","0.2397550076011397"
"53091","St Louis, MO","356125","0.2405114071124516"
"417541","St Louis, MO","368805","0.2490749301512326"
"3550233","Kansas City, MO","387285","0.2615555220878787"
"271423","Kansas City, MO","406261","0.2743710909509630"
"492505","St. Louis, MO","407349","0.2751058790476660"
"552117","Kansas City, MO","410477","0.2772183948256870"
"44008","St Louis, MO","414869","0.2801845614807601"
"944727","St. Louis, MO","423685","0.2861385062055150"
"233326","Kansas City, MO","431685","0.2915413598577428"
"3554414","Kansas City, MO","433253","0.2926003191735795"
"414265","Kansas City, MO","442013","0.2985164439227689"
"3684036","Kansas City, MO","445301","0.3007370167738345"
"3587663","Peculiar, MO","446349","0.3014447906022763"
"1380238","St. Louis, MO","447229","0.3020391045040214"
"854173","Lees Summit, MO","454957","0.3072582611320734"
"1817590","Columbia,, MO","470877","0.3180099399000066"
"3209925","Maryland Heights, MO","471973","0.3187501308503618"
"463014","Kansas City, MO","472629","0.3191931648498445"
"481744","St Louis, MO","492373","0.3325274076635426"
"105107","St Louis, MO","494837","0.3341914865884288"
"714239","St Louis, MO","496757","0.3354881714649635"
"3415981","Independence, MO","510469","0.3447486626248818"
"1279620","Kansas City, MO","510693","0.3448999425271442"
"920116","Columbia, MO","524525","0.3542414764918460"
"929610","Kansas City, MO","530933","0.3585691622672805"
"1831409","St. Louis, MO","533181","0.3600873641435565"
"693712","St. Louis, MO","543381","0.3669760025501469"
"2014765","St. Louis, MO","543877","0.3673109794765850"
"583426","St. Louis, MO","553597","0.3738754466640417"
"129666","St Louis, MO","642493","0.4339119564475967"
"3146958","St. Louis, MO","652357","0.4405736750007935"
"2643124","Ballwin, MO","667077","0.4505149257208926"
"356722","St Louis, MO","675373","0.4561176849582528"
"817850","Kansas City, MO","678517","0.4582410064435783"
"2701946","St. Louis, MO","686973","0.4639518227539830"
"2361535","Columbia, MO","691565","0.4670530607503618"
"1078368","St. Louis, MO","699021","0.4720885203542380"
"3715704","St. Louis, MO","734037","0.4957368107900390"
"301369","Saint Louis, MO","749909","0.5064560724360589"
"2941938","Foristell, MO","773717","0.5225349649050887"
"1978375","New Haven, MO","778861","0.5260089998034711"
"3036699","Kansas City, MO","793901","0.5361663646696593"
"1311457","Kansas City, MO","795741","0.5374090210096717"
"1610326","Independence, MO","804829","0.5435466627586025"
"406904","Springfield, MO","809077","0.5464155780479354"
"2526654","Richmond, MO","810493","0.5473718831443797"
"4214944","KansasCity, MO","818813","0.5529908509426966"
"672188","St. Louis, MO","822789","0.5556760692078538"
"1271976","Bloomfield, MO","848837","0.5732677606995074"
"2077048","St. Louis, MO","871181","0.5883579309501796"
"2429214","Kansas City, MO","890749","0.6015733109835287"
"2195406","Kansas City, MO","918341","0.6202077532300622"
"2741278","Kansas City, MO","946869","0.6394743293539064"
"1697817","St. Louis, MO","956693","0.6461090336388421"
"230861","Kansas City, MO","999981","0.6753438747510466"
"1608106","Kansas City, MO","1022077","0.6902665565384997"
"2321541","Kansas City, MO","1028181","0.6943889338751495"
"25858","St Louis, MO","1029837","0.6955073245811606"
"3938266","St. Louis, MO","1117413","0.7546523635120980"
"1696102","Springfield, MO","1127189","0.7612546506751203"
"3743236","St. Louis, MO","1173037","0.7922184049560376"
"847851","St. Louis, MO","1179125","0.7963299765853829"
"1286598","Columbia, MO","1179453","0.7965514935851243"
"1228767","Greenwood, MO","1187029","0.8016679959937840"
"3691895","Kansas City, MO","1209309","0.8167149434152383"
"2267291","St. Louis, MO","1216005","0.8212371319221529"
"2766114","St. Louis, MO","1234277","0.8335772496638411"
"1706793","Jefferson City, MO","1236637","0.8351710914912483"
"3228827","St. Louis, MO","1265797","0.8548644930536185"
"7671","St Louis, MO","1503","0.0010150611299122"
"1358","St Louis, MO","3967","0.0026791400547984"
"554546","Kansas City, MO","6863","0.0046349730769048"
"12086","St Louis, MO","8119","0.0054832211003046"
"6386","Spokane, MO","8767","0.0059208522461351"
"658010","Kansas City, MO","19999","0.0135064587738628"
"136790","St Louis, MO","20903","0.0141169812365646"
"143273","St Louis, MO","23535","0.0158945200881475"
"2486915","St Louis, MO","24199","0.0163429569412824"
"150803","St Louis, MO","24263","0.0163861797705002"
"40257","Ofallon, MO","24943","0.0168454223309396"
"47181","St Louis, MO","27943","0.0188714924505250"
"1382791","Kansas City, MO","29919","0.0202059973026253"
"7154","St Louis, MO","30679","0.0207192683995869"
"9293","St Louis, MO","38807","0.0262085677102503"
"2039","St. Louis, MO","42727","0.0288559659998419"
"385335","Birch Tree, MO","53671","0.0362470697960895"
"508616","St Louis, MO","61175","0.0413149465218791"
"947","Saint Louis, MO","74719","0.0504619777551008"
"410167","Kansas City, MO","74783","0.0505052005843186"
"758011","St. Louis, MO","78319","0.0528932618986032"
"1293496","St. Louis, MO","85791","0.0579395272097840"
"124418","St Louis, MO","91911","0.0620727102537382"
"810955","St. Louis, MO","108375","0.0731917830700230"
"112729","St Louis, MO","112751","0.0761471440177915"
"104949","St Charles, MO","116663","0.0787891394537309"
"170473","St Louis, MO","119735","0.0808638352561864"
"606784","St Louis, MO","121119","0.0817985289380218"
"132319","Kansas City, MO","124999","0.0844189129593523"
"423231","Nixa, MO","127735","0.0862666889084142"
"1539293","Springfield, MO","128823","0.0870014770051171"
"13284","St Charles, MO","129615","0.0875363595166877"
"1991519","St. Charles, MO","134895","0.0911022429271580"
"656027","St. Louis, MO","147455","0.0995847231611556"
"438598","Springfield, MO","155351","0.1049173397159044"
"394078","St Louis, MO","156575","0.1057439763246952"
"1314762","St. Louis, MO","158415","0.1069866326647076"
"3752","Columbia, MO","163191","0.1102121362950876"
"1098341","Kansas City, MO","164935","0.1113899583912733"
"76183","Kansas City, MO, USA","166399","0.1123786806096309"
"225943","St Louis, MO","169143","0.1142318594123451"
"578859","Kansas City, MO","179463","0.1212015406237189"
"408879","St. Louis, MO","201623","0.1361674452403898"
"3735281","Branson, MO","202959","0.1370697218003118"
"1146909","St. Louis, MO","203495","0.1374317129950111"
"446491","Kansas City, MO","208607","0.1408841364787846"
"317960","St Louis, MO","209351","0.1413866018684418"
"669579","Kansas City, MO","214951","0.1451685994250013"
"314085","St. Louis, MO","228071","0.1540292794146548"
"1970644","St. Louis, MO","231927","0.1566334548750286"
"239422","Kansas City, MO","232895","0.1572872001669481"
"1265587","St. Louis, MO","237407","0.1603344096268046"
"71458","St Louis, MO","239231","0.1615662602595125"
"420628","Kansas City, MO","245743","0.1659641831324259"
"1309760","Kansas City, MO","248495","0.1678227647887923"
"152491","Columbia, MO","251431","0.1698056120791599"
"1014765","Kansas City, MO","255663","0.1726637216611883"
"97645","University City, MO","265159","0.1790769089463827"
"63190","St. Louis, MO","269199","0.1818053500407577"
"4031919","St. Louis, MO, USA","269487","0.1819998527722379"
"2824916","Kansas City, MO","270743","0.1828481007956377"
"1262398","St. Louis, MO","283143","0.1912225239565907"
"208819","Southeast, MO","283319","0.1913413867369397"
"1955946","St. Louis, MO","285351","0.1927137115646056"
"1014869","Kansas City, MO","292399","0.1974736256322182"
"3298987","Maryville, MO","292711","0.1976843369246551"
"4023718","IL/MO","293047","0.1979112567780487"
"2896390","Springfield, MO","305687","0.2064477655485686"
"229710","Joplin, MO","307759","0.2078471046444956"
"1890423","St. Louis, MO","309207","0.2088250211555488"
"1532588","Kansas City, MO","312583","0.2111050253967889"
"884328","Columbia, MO","321863","0.2173723356333731"
"1877469","Kansas City, MO","325103","0.2195604913625254"
"1588526","St Louis, MO","326415","0.2204465593614907"
"1530753","St. Peters, MO","329775","0.2227157578954264"
"3241128","St. Louis, MO","335663","0.2266922581834660"
"1202686","St. Louis, MO","359455","0.2427603449451914"
"2751709","Kansas City, MO","364423","0.2461155170632248"
"668687","St. Louis, MO","381263","0.2574885240011643"
"209273","Springfield, MO","384943","0.2599738366811890"
"266592","St Louis, MO","386431","0.2609787674605034"
"73438","Grain Valley, MO","391079","0.2641178254324477"
"116936","St Louis, MO","402767","0.2720113946183525"
"2631171","St. Louis, MO","411863","0.2781544392209355"
"412495","Rolla, MO","415567","0.2806559604619169"
"39439","Kansas City, MO","419543","0.2833411787270741"
"339414","St Louis, MO","427855","0.2889547436717388"
"1133224","Columbia, MO","433031","0.2924503899847301"
"1444647","Kansas City, MO","441631","0.2982584576608750"
"2406649","St Louis, MO","454743","0.3071137347968763"
"3695692","St. Louis, MO","462471","0.3123328914249283"
"1607768","St. Louis, MO","466647","0.3151531810313912"
"1984104","Columbia, MO","479119","0.3235762298752143"
"2365008","St. Louis, MO","498527","0.3366835528355189"
"728036","St. Louis, MO","505215","0.3412003384887813"
"78748","Kansas City, MO","507519","0.3427563603406229"
"1637383","St. Louis, MO","509319","0.3439720024123741"
"4441","St Louis, MO","543159","0.3668260733612976"
"1615051","Kansas City, MO","544167","0.3675068329214783"
"189486","St Louis, MO","566439","0.3825483774892804"
"2396276","St. Louis, MO","568039","0.3836289482197259"
"1520882","St Louis, MO","573679","0.3874379600445465"
"2546991","Kansas City, MO","579911","0.3916467830396319"
"209679","St Louis, MO","619295","0.4182450315695492"
"2867492","Columbia, MO","663655","0.4482038550711522"
"1390421","St. Louis, MO","671623","0.4535850973087710"
"1871440","Kansas City, MO","683495","0.4616029321286770"
"578391","Kansas City, MO","728863","0.4922425151904607"
"1272771","Columbia, MO","734959","0.4963594896734582"
"1704871","St. Louis, MO","747935","0.5051229182973717"
"2067117","St. Louis, MO","772887","0.5219744188386701"
"1779280","St. Louis, MO","774975","0.5233845636419015"
"319304","St. Louis, MO","777775","0.5252755624201812"
"813450","St. Louis, MO","801191","0.5410897150602519"
"3803332","St Louis, MO","833007","0.5625768640351617"
"186589","Kansas City, MO","864535","0.5838695102785913"
"688406","Columbia, MO","869951","0.5875272422011495"
"1403860","St. Louis, MO","929671","0.6278595447150298"
"669564","St Louis, MO","1013215","0.6842815454052444"
"541047","St Louis, MO","1080487","0.7297141417668276"
"3442841","St. Louis, MO","1088295","0.7349873269314019"
"3381621","Columbia, MO","1089887","0.7360624948081953"
"1694624","Springfield, MO","1090183","0.7362624003933277"
"412142","St. Charles, MO","1098847","0.7421136908986904"
"76946","Gallatin, MO","1140159","0.7700140271587945"
"1267909","Kansas City, MO","1144351","0.7728451224725619"
"1204443","Kansas City, MO","1144511","0.7729531795456065"
"3258259","Saint Louis, MO","1174191","0.7929977665953715"
"2137594","MO","1177831","0.7954560650071351"
"3246917","Springfield, MO","1191119","0.8044302049234854"
"1672487","St. Louis, MO","1200463","0.8107407379892874"
"1096695","St. Louis, MO","1225159","0.8274193472137146"
"4205934","St. Louis, MO","1262215","0.8524453653308336"
"2929784","St. Louis, MO","1295151","0.8746889138170553"
"158779","St Louis, MO","1753","0.0011839003065444"
"637783","St. Louis, MO","5145","0.0034747102550889"
"48837","Kansas City, MO","5377","0.0036313930110035"
"185915","St. Louis, MO","6649","0.0044904467417078"
"181481","St Louis, MO","8721","0.0058897858376347"
"61396","St Louis, MO","9161","0.0061869427885073"
"1211524","Springfield, MO","9833","0.0066407824952944"
"121363","Kansas City, MO","18225","0.0123083759764813"
"1361506","St. Louis, MO","19801","0.0133727381459702"
"1204134","Columbia, MO","29489","0.0199155939188180"
"2514839","Kansas City, MO","31073","0.0209853589419591"
"157744","Rolla, MO","35225","0.0237894399874653"
"633513","Springfield, MO","36473","0.0246322851572129"
"420","Springfield, MO","48753","0.0329256655133825"
"612265","St. Louis, MO","61961","0.0418457768932105"
"117777","St Louis, MO","63425","0.0428344991115682"
"189433","St Louis, MO","63777","0.0430722246722662"
"210609","Kansas City, MO","65953","0.0445418008656722"
"451201","Kansas City, MO","66649","0.0450118491334160"
"32382","St Louis, MO","79361","0.0535969835868059"
"3447","North Kansas City, MO","89689","0.0605720676518320"
"396850","Kansas City, MO","89729","0.0605990819200931"
"451345","Kansas City, MO","92865","0.0627170005517664"
"1247505","St. Louis, MO","102873","0.0694759704707033"
"128986","St Louis, MO","106089","0.0716479176388989"
"1388157","University of Missouri Kansas City, MO","121905","0.0823293593093532"
"455180","Kansas City, MO","136921","0.0924705156145847"
"216742","St Louis, MO","138497","0.0935348777840736"
"23085","St Louis, MO","142761","0.0964145987807110"
"1071979","Kansas City, MO","145417","0.0982083461932506"
"1289450","Chesterfield, MO","146593","0.0990025656801281"
"328456","St Louis, MO","152737","0.1031519572850390"
"1777780","Springfield, MO","159809","0.1079280799136083"
"861906","Kansas City, MO","162921","0.1100297899843249"
"1598270","Carthage, MO","164417","0.1110401236172915"
"1807299","Kansas City, MO","173369","0.1170859168541344"
"1194886","St. Louis, MO","175817","0.1187391900717161"
"564946","Springfield, MO","178641","0.1206463974109525"
"511540","Kansas City, MO","178833","0.1207760658986059"
"44785","St Louis, MO","193497","0.1306794966431394"
"1109496","St. Louis, MO","194793","0.1315547589348003"
"41790","St Louis, MO","195633","0.1321220585682843"
"618283","Kansas City, MO","197545","0.1334133405911667"
"113522","Kansas City, MO","202473","0.1367414984409390"
"1234324","Saint Louis, MO","205497","0.1387837771214811"
"3019570","St. Louis, MO","207489","0.1401290876808858"
"1937329","St. Louis, MO","210609","0.1422362006052546"
"497715","Kansas City, MO","212953","0.1438192367253574"
"19184","Billings, MO","223833","0.1511671176923871"
"1093272","KCMO","229649","0.1550949922975567"
"917218","St. Louis, MO","239881","0.1620052421187560"
"781341","Joplin, MO","257513","0.1739131315682660"
"297493","St Louis, MO","261209","0.1764092499555952"
"1568577","St. Louis, MO","271217","0.1831682198745322"
"1856445","St. Louis, MO","273785","0.1849025358968973"
"1250975","St. Louis, MO","282737","0.1909483291337402"
"3629601","St. Louis, MO","316265","0.2135916887902267"
"2548215","St. Louis, MO","318601","0.2151693220566772"
"432263","St Louis, MO","326089","0.2202263930751624"
"852996","Kansas City, MO","329025","0.2222092403655300"
"761658","St. Louis, MO","335353","0.2264828976044422"
"549356","Kansas City, MO","354705","0.2395524005891811"
"1575481","USA, Columbia, MO","357473","0.2414217879528519"
"613441","St Louis, MO","359905","0.2430642554631292"
"1580329","St. Louis, MO","379073","0.2560094928138669"
"3718854","Springfield, MO","384929","0.2599643816872976"
"335677","Joplin, MO","392297","0.2649404099009994"
"888892","St. Louis, MO","397809","0.2686629760673843"
"3831090","Springfield, MO","400449","0.2704459177726195"
"610775","Kansas City, MO","412921","0.2788689666164426"
"639931","Kansas City, MO","423881","0.2862708761199946"
"454238","Neelyville, MO","442017","0.2985191453495950"
"3602796","Truman State University, MO","454849","0.3071853226077683"
"3147901","St. Louis, MO","456417","0.3082442819236050"
"312921","St Louis, MO","459225","0.3101406835555369"
"2819562","Saint Louis, MO","503513","0.3400508813742698"
"1191569","Saint Louis, MO","504049","0.3404128725689691"
"2014171","Kansas City, MO","518873","0.3504243603865471"
"2548727","St. Louis, MO","521337","0.3520884393114333"
"2953262","St. Louis, MO","523217","0.3533581099197068"
"551737","Billings, MO","524385","0.3541469265529320"
"2337631","Kansas City, MO","528737","0.3570860789397439"
"456356","St. Louis, MO","532305","0.3594957516686375"
"137479","St. Louis, MO","557721","0.3766606177217651"
"1385452","Kansas City, MO","571433","0.3859211088816835"
"2333753","Springfield, MO","572185","0.3864289771249929"
"1750838","Kansas City, MO","577545","0.3900488890719855"
"2053336","Springfield, MO","584177","0.3945278547496824"
"918924","Jacket, MO","609577","0.4116819150955055"
"718265","Springfield, MO","618697","0.4178411682590452"
"163802","St Louis, MO","619233","0.4182031594537444"
"448702","Kansas City, MO","627465","0.4237626958618868"
"2374733","St. Louis, MO","653569","0.4413922073291060"
"1481516","Kansas City, MO","657345","0.4439423542529575"
"3971796","Springfield, MO","662737","0.4475838776145590"
"2892382","Kansas City, MO","673161","0.4546237959234118"
"1946762","St. Louis, MO","678081","0.4579465509195319"
"3412963","St. Louis, MO","688153","0.4647487436676866"
"2546452","Kansas City, MO","732721","0.4948480413642475"
"458483","Kansas City, MO","760241","0.5134338579279110"
"123247","St Louis, MO","775657","0.5238451569157539"
"1949926","Kansas City, MO","780345","0.5270112291559594"
"2574083","St. Louis, MO","799969","0.5402644291648741"
"2950011","Bolivar, MO","810633","0.5474664330832937"
"36639","St Louis, MO","841073","0.5680242912300204"
"1240758","St. Louis, MO","852913","0.5760205146353175"
"738974","Springfield, MO","853945","0.5767174827564548"
"2482858","Kansas City, MO","904825","0.6110796319846234"
"2321941","Kansas City, MO","910721","0.6150615351263153"
"1392578","Kansas City, MO","922705","0.6231550098973525"
"1524677","Kansas City, MO","959673","0.6481215966242970"
"201821","Kansas City, MO","963249","0.6505366722068428"
"3516897","Columbia, MO","1010929","0.6827376799741203"
"2849293","St. Louis, MO","1044345","0.7053053996794757"
"420073","Belton, MO","1057329","0.7140742311570413"
"1567594","Columbia, MO","1077513","0.7277056309216120"
"1227138","Rolla, MO","1100001","0.7428930525380242"
"1211844","St. Louis, MO","1106705","0.7474206438985911"
"1775719","Wentzville, MO","1141865","0.7711661857001321"
"600990","Kansas City, MO","1145601","0.7736893183557225"
"1244332","Kansas City, MO","1162393","0.7850299081717486"
"2833093","Kansas City, MO","1217233","0.8220664699577699"
"689149","St. Louis, MO","1283249","0.8666508182959534"
"1276452","Kansas City, MO","1301089","0.8786991819404213"
"3573331","Kansas City, MO","1310953","0.8853609004936182"
"986892","Kansas City, MO","1372913","0.9272060020301222"
"3625957","Kansas City, MO","1384025","0.9347105657530666"
"3508947","St. Louis, MO","1384921","0.9353156853621161"
"3923846","Kansas City, MO","1400169","0.9456135244232622"
"2130390","St. Louis, MO","1442929","0.9744917771944196"
"5190","Lilbourn, MO","172","0.0001161613535228"
"100930","Blue Springs, MO","4060","0.0027419482285055"
"555518","Kansas City, MO","5124","0.0034605277642518"
"162698","St Louis, MO","10292","0.0069507712235910"
"21362","Ballwin, MO","12076","0.0081556075880378"
"618087","Kansas City, MO","13148","0.0088795899774363"
"193939","Bolivar, MO","17628","0.0119051880226838"
"247","St. Louis, MO","17796","0.0120186479493806"
"235161","St Louis, MO","22316","0.0150712602628893"
"194869","Kansas City, MO","23100","0.0156007399208076"
"2167252","St Louis, MO","23156","0.0156385598963732"
"543572","Fenton, MO","25020","0.0168974247973423"
"1532551","Kansas City, MO","26236","0.0177186585524809"
"1038866","Kansas City, MO","28972","0.0195664345015428"
"1739957","MO","31436","0.0212305134264290"
"203948","St Louis, MO","39196","0.0264712814690899"
"1199977","Springfield, MO","40980","0.0276761178335367"
"28950","St Louis, MO","41452","0.0279948861990181"
"2134021","St. Louis, MO","46620","0.0314851296583573"
"271650","St Louis, MO","47692","0.0322091120477558"
"2202485","St. Louis, MO","66148","0.0446734954234452"
"583721","Springfield, MO","67956","0.0458945403488487"
"1256191","St. Louis, MO","70428","0.0475640221273871"
"24638","St Louis, MO","72780","0.0491524611011420"
"288349","St Louis, MO","74692","0.0504437431240245"
"1934903","St. Louis, MO","80204","0.0541663092904094"
"2615605","Springfield, MO","85604","0.0578132355056632"
"307795","Kansas City, MO","96836","0.0653988420333909"
"9190","Daniel Boone country, MO","97164","0.0656203590331323"
"565753","St Louis, MO","100172","0.0676518320063699"
"469368","St Louis, MO","117084","0.0790734646271794"
"202848","Chesterfield, MO","124636","0.0841737584748824"
"8211","St. Louis, MO","128292","0.0866428625939505"
"368494","St Louis, MO","129476","0.0874424849344802"
"1001597","Kansas City, MO","140948","0.0951901770717748"
"1136322","St. Louis, MO","142540","0.0962653449485682"
"124067","Chillicothe, MO","144388","0.0975134041422328"
"474719","St Louis, MO","149996","0.1013008045524444"
"178656","St. Louis, MO","157828","0.1065901982779754"
"36634","Kansas City, MO","160932","0.1086865054950398"
"768231","St. Louis, MO","164692","0.1112258467115868"
"121678","St Louis, MO","165044","0.1114635722722849"
"899357","Kirksville, MO","166948","0.1127494514415151"
"445284","Billings, MO","170876","0.1154022525847589"
"1344273","Kansas City, MO","177140","0.1196326869944532"
"86844","St Louis, MO","191868","0.1295793405682046"
"1043792","Kansas City, MO","194796","0.1315567850049199"
"14609","St Louis, MO","196452","0.1326751757109311"
"2581858","St. Louis, MO","198068","0.1337665521486811"
"1347689","St. Louis, MO","207756","0.1403094079215289"
"896198","MOTHER RUSSIA","209300","0.1413521586764089"
"93819","Kansas City, MO","222596","0.1503317014464114"
"756053","Springfield, MO","225236","0.1521146431516466"
"377243","St Louis, MO","228988","0.1546485815145414"
"860934","Pomona, MO","229460","0.1549673498800228"
"938362","Kansas City, MO","232908","0.1572959798041330"
"100380","St Louis, MO","234364","0.1582792991688385"
"603746","Rolla, MO","238612","0.1611482144581714"
"784411","Springfield, MO","240452","0.1623908707981838"
"3191599","Kansas City, MO","250412","0.1691174235952073"
"1516372","Columbia, MO","263908","0.1782320377065156"
"972091","St. Louis, MO","269092","0.1817330868731592"
"257020","Kansas City, MO","269612","0.1820842723605540"
"15815","Independence, MO","278284","0.1879409657195689"
"433209","Rolla, MO","304364","0.2055542686258314"
"1165290","Jefferson City, MO","305108","0.2060567340154886"
"1311253","Kansas City, MO","305548","0.2063538909663611"
"277141","St Louis, MO","316396","0.2136801605187820"
"4212174","St. Louis, MO","324060","0.2188560943176162"
"37225","Nixa, MO","334756","0.2260797096506447"
"740108","Kansas City, MO","335972","0.2269009434057833"
"274053","Kansas City, MO","336292","0.2271170575518724"
"2162789","Kansas City, MO","353676","0.2388574585381633"
"799552","Kansas City, MO","354964","0.2397273179761720"
"117408","St Louis, MO","355012","0.2397597350980854"
"1164802","St. Louis, MO","361156","0.2439091267029963"
"58842","Jefferson City, MO","367236","0.2480152954786894"
"1046619","Kansas City, MO","385580","0.2604040389032477"
"1721440","St. Louis, MO","399860","0.2700481326724742"
"643288","Springfield, MO","433884","0.2930264692553989"
"1008950","Kansas City, MO","453388","0.3061986264595302"
"751406","Kansas City, MO","469236","0.3169016795445934"
"1411097","St. Louis, MO","489484","0.3305763021383819"
"93905","Kansas City, MO","506396","0.3419979347591914"
"1563316","Kansas City, MO","512820","0.3463364262419303"
"305515","St. Peters, MO","522252","0.3527063906979068"
"1214413","St. Louis, MO","524852","0.3544623181348808"
"793495","St. Louis, MO","553452","0.3737775199415951"
"1162180","St. Charles, MO, USA","564316","0.3811145952013204"
"1217246","Kansas City, MO","583556","0.3941084582349282"
"3769409","Kansas City, MO","597084","0.4032446837608453"
"511613","Kansas City, MO","606020","0.4092796712903837"
"632711","Kansas City, MO","609460","0.4116028983608417"
"643747","St Louis, MO","633852","0.4280761991464841"
"489490","St Louis, MO","644308","0.4351377288699458"
"2588869","Kansas City, MO","653460","0.4413185934480944"
"2132440","St. Louis, MO","657028","0.4437282661769880"
"1015325","Kansas City, MO","665588","0.4495093195848717"
"1337368","Columbia, MO","666020","0.4498010736820920"
"3087647","St. Louis, MO","677732","0.4577108514289534"
"613623","Cape Girardeau, MO","687908","0.4645832812745872"
"1100348","St. Louis, MO","704940","0.4760859567001801"
"869564","Kansas City, MO","727868","0.4915705352674648"
"1541157","La Belle, MO","734876","0.4963034350668164"
"1689900","Kansas City, MO","803692","0.5427787821832796"
"2026845","$_SERVER['REMOTE_ID'];","817868","0.5523526388550272"
"1880135","West Plains, MO","838484","0.5662757927168182"
"2148570","St. Louis, MO","851612","0.5751418755601239"
"59414","Kansas City, MO","869812","0.5874333676189421"
"2587712","St. Louis, MO","877700","0.5927605813200387"
"179571","St Louis, MO","883564","0.5967208730471216"
"2106160","St. Louis, MO","941588","0.6359077705867296"
"731529","St. Louis, MO","966252","0.6525647683965478"
"3637917","St. Louis, MO","987932","0.6672065017940850"
"824961","Springfield, MO","997092","0.6733927692258858"
"899892","Kansas City, MO","1015276","0.6856734555773995"
"2029672","Kansas City, MO","1039004","0.7016983195099071"
"3348448","Kansas City, MO","1048356","0.7080142554293614"
"2557359","St. Louis, MO","1059652","0.7156430847863070"
"296553","Springfield, MO","1130356","0.7633935053646959"
"1483841","St. Louis, MO","1132236","0.7646631759729695"
"2792838","Sugar Creek, MO","1160116","0.7834921209509832"
"655649","St Louis, MO","1192948","0.8056654323397260"
"2584280","SPMO, Costa Rica","1206316","0.8146936007925986"
"3853368","St. Louis, MO","1207820","0.8157093372792174"
"3429092","Kansas City, MO","1227956","0.8293083199218747"
"4215573","MOSCOW","1247452","0.8424750742723538"
"2887571","Columbia, MO","1274604","0.8608123595680148"
"1807717","St. Louis, MO","1320972","0.8921272993363269"
"2170500","St. Louis, MO","1380532","0.9323515447771626"
"2388355","Springfield, MO","1437428","0.9707766399518065"
"1955731","St. Louis, MO","1443844","0.9751097285808932"
"5486","St. Louis, MO","315","0.0002127373625564"
"127084","St Louis, MO","2891","0.0019524562385738"
"1188826","Kansas City, MO","5171","0.0034922695294587"
"36429","Republic, MO","12755","0.0086141747917706"
"66532","Jefferson City, MO","16883","0.0114020472763201"
"1202400","St. Louis, MO, USA","18155","0.0122611010070243"
"117651","St Louis, MO","22547","0.0152272676620974"
"25129","St Louis, MO","28963","0.0195603562911840"
"29680","St. Louis, MO and Boston, MA","30899","0.0208678468750232"
"103791","St Louis, MO","44115","0.0297933611085034"
"72947","St Louis, MO","44979","0.0303768693029440"
"353186","Blue Springs, MO","47747","0.0322462566666148"
"177962","St Louis, MO","51547","0.0348126121514230"
"399310","St. Louis, MO","51619","0.0348612378342931"
"65316","St Louis, MO","51659","0.0348882521025542"
"454761","St. Louis, MO","51675","0.0348990578098587"
"366493","Ballwin, MO","52939","0.0357527086869107"
"12908","Jackson, MO","57259","0.0386702496591137"
"107301","Middletown, MO","60643","0.0409556567540060"
"3097556","Kansas City, MO","60779","0.0410475052660939"
"100134","St Louis, MO","62235","0.0420308246307993"
"99640","St Louis, MO","66747","0.0450780340906558"
"874882","Columbia, MO","69427","0.0468879900641521"
"34450","St Louis, MO","78483","0.0530040203984739"
"347061","Maryville, MO","99859","0.0674404453572265"
"50570","St Louis, MO","100715","0.0680185506980149"
"277994","St. Louis, MO","101443","0.0685102103803676"
"734790","Springfield, MO, USA","106139","0.0716816854742253"
"58042","St Louis, MO","115955","0.0783109869055088"
"1413693","Kansas City, MO","116699","0.0788134522951659"
"2403994","St Louis, MO","118667","0.0801425542936140"
"700204","St. Louis, MO","120539","0.0814068220482353"
"106357","Kansas City, MO","129163","0.0872310982853368"
"199662","St. Louis, MO","132043","0.0891761256001388"
"405026","St Louis, MO","135195","0.0913048499391165"
"3877832","St. Louis, MO, USA","140307","0.0947572734228901"
"2697578","Lamar, MO","142267","0.0960809725676859"
"600889","Kansas City, MO","144899","0.0978585114192688"
"3096683","Springfield, MO","150299","0.1015054376345226"
"20651","St. Louis MO USA","179051","0.1209232936606292"
"1179562","Columbia, MO","181155","0.1223442441711651"
"1118400","St. Louis, MO","196371","0.1326204718177023"
"310287","Billings, MO","205107","0.1385203880059350"
"918797","Columbia, MO","206363","0.1393686360293347"
"194021","Columbia, MO","208035","0.1404978324426503"
"165462","St. Louis, MO","223971","0.1512603169178881"
"2363510","St. Louis, MO","225995","0.1526272388919017"
"150509","St. Louis, MO","227851","0.1538807009392185"
"1322792","St. Louis, MO","231403","0.1562795679608076"
"1195566","Kansas City, MO, United States","234763","0.1585487664947433"
"70700","St Louis, MO","249867","0.1687493541901493"
"1436499","St. Louis, MO","253355","0.1711049983825206"
"1077715","Kansas City, MO","254339","0.1717695493817447"
"2033188","St Louis, MO","256739","0.1733904054774130"
"1113872","St. Louis, MO","263107","0.1776910769845863"
"830024","St. Charles, MO","267379","0.1805762008348759"
"1073837","Springfield, MO","272763","0.1842123213428252"
"169198","Hamilton, MO","283579","0.1915169794806371"
"622287","Springfield, MO","290955","0.1964984105479911"
"1617879","Kansas City, MO","307035","0.2073581463889689"
"2872906","Kansas City, MO","310819","0.2099136961664727"
"1191662","Rolla, MO","314027","0.2120802404810160"
"10233","St Louis, MO","318235","0.2149221415020878"
"1938703","Imperial, MO","324731","0.2193092586676968"
"1355090","Rolla, MO","328083","0.2215730543479802"
"599326","St. Louis, MO","340899","0.2302284258988491"
"489241","St Louis, MO","347747","0.2348532686251560"
"450925","Kansas City, MO","348563","0.2354043596976833"
"1221748","Kansas City, MO","356611","0.2408396304718244"
"600918","St Louis, MO","363187","0.2452807761739556"
"1214642","Kansas City, MO","375083","0.2533148195548183"
"156731","St Louis, MO","386195","0.2608193832777627"
"1099044","Springfield, MO","402555","0.2718682189965685"
"2436787","Lees Summit, MO","414579","0.2799887080358668"
"2079208","St. Louis, MO","429723","0.2902163099995340"
"2023244","Kansas City, MO","430219","0.2905512869259721"
"3380465","St. Louis, MO","493083","0.3330069109251779"
"1913756","St. Louis, MO","495531","0.3346601841427596"
"264498","St. Louis, MO","499275","0.3371887196520021"
"1999058","Lees Summit, MO","504419","0.3406627545503846"
"837675","Kansas City, MO","510323","0.3446500605457287"
"222988","St. Louis, MO","522531","0.3528948152190283"
"1397705","St. Louis, MO","523051","0.3532460007064231"
"909948","Kansas City, MO","533275","0.3601508476739701"
"1251585","Snegiri, MO, Russia","540723","0.3651809044241942"
"74345","St. Louis, MO","582307","0.3932649377084741"
"135703","St Louis, MO","587339","0.3966633326557254"
"1421655","Ludlow MO","595395","0.4021040062835187"
"955260","Kansas City, MO","597979","0.4038491280131883"
"1371186","St. Louis, MO","598483","0.4041895077932787"
"1303836","Kansas City, MO","601483","0.4062155779128641"
"455170","St Louis, MO","608883","0.4112132175411748"
"2777986","Springfield, MO","623875","0.4213381652854496"
"1177082","St. Louis, MO","639691","0.4320196069559039"
"2813628","Kansas City, MO","644883","0.4355260589761997"
"4014613","Springfield, MO","652003","0.4403345987266824"
"783223","Kansas City, MO","668851","0.4517130085182741"
"2662417","St. Louis, MO","673979","0.4551762377093521"
"555556","Kansas City, MO","681923","0.4605412713860143"
"422046","Kansas City, MO","683131","0.4613571022875007"
"689004","Kansas City, MO","696619","0.4704663135451567"
"2322641","Springfield, MO","775755","0.5239113418729937"
"1458672","Kansas City, MO","781907","0.5280661363315569"
"3285200","St. Louis, MO","802403","0.5419082473885644"
"1617684","Kansas City, MO","806971","0.5449932768239865"
"283762","St Louis, MO","886195","0.5984977365419980"
"1003206","Columbia, MO","922987","0.6233454604885935"
"1408958","St. Charles, MO","927139","0.6261495415340997"
"1325521","Columbia, MO","960475","0.6486632327029328"
"901706","Kansas City, MO","963955","0.6510134740416519"
"527430","St. Louis, MO","965739","0.6522183104060987"
"1084855","Rolla, MO","979891","0.6617759585168896"
"4052105","Columbia, MO","1046115","0.7065007810500311"
"3846116","St. Louis, MO","1087299","0.7343146716516996"
"1167536","Lees Summit, MO","1088827","0.7353466166992751"
"1500100","Kansas City, MO","1094195","0.7389719314999199"
"2216427","St. Louis, MO","1098251","0.7417111783015994"
"2686224","St. Louis, MO","1129123","0.7625607905455463"
"773187","St. louis, MO","1167283","0.7883324024666728"
"2308650","St. Louis, MO","1170459","0.7904773353666072"
"840262","Rolla, MO","1221627","0.8250339873262560"
"2934525","St. Louis, MO","1333731","0.9007441755549237"
"3334710","St. Joseph, MO","1348443","0.9106800234213705"
"1377543","Kansas City, MO","1367275","0.9233983409187147"
"3186308","St. Louis, MO","1371979","0.9265752188662246"
"329638","Columbia, MO","1395027","0.9421408402382928"
"447921","St. Louis, MO","1395107","0.9421948687748151"
"3475198","Springfield, MO","1428875","0.9650003140408685"
"2961648","St. Louis, MO","1446291","0.9767623264417683"
"3255085","Kansas City, MO","1450163","0.9793773076094466"
"1351682","Springfield, MO","1487331","1.0044789656776968"
"21398","St Louis, MO","2814","0.0019004537721711"
"332960","St. Louis, MO, USA   @schmich","3494","0.0023596963326104"
"1103052","Springfield, MO","4782","0.0032295557706191"
"98877","St Louis, MO","8686","0.0058661483529062"
"590840","St Louis, MO","9758","0.0065901307423048"
"175094","Columbia, MO","14910","0.0100695684943394"
"1226698","Florissant, MO","16094","0.0108691908348692"
"282538","Kansas City, MO","17254","0.0116526046144422"
"509600","St Louis, MO","17830","0.0120416100774026"
"1192740","St. Louis, MO","21502","0.0145215199037751"
"272207","St Charles, MO","26950","0.0182008632409422"
"131134","St Louis, MO","27590","0.0186330915331205"
"941398","Cape Girardeau, MO","30238","0.0204214360920078"
"4154","Kansas City, MO","31006","0.0209401100426217"
"1013822","Kansas City, MO","37286","0.0251813501596205"
"1736047","St. Louis, MO","38190","0.0257918726223222"
"549087","St Louis, MO","49910","0.0337070532228359"
"435867","Kansas City, MO","53014","0.0358033604399003"
"152159","St. Louis, MO","56358","0.0380617532665315"
"415815","St Louis, MO","58726","0.0396609979475909"
"116718","St Louis, MO","59174","0.0399635577521157"
"837251","Kansas City, MO","62014","0.0418815707986565"
"1260518","St. Louis, MO","66990","0.0452421457703422"
"224531","St Charles, MO","69974","0.0472574101826232"
"465004","Kansas City, MO","75846","0.0512231047633583"
"517712","Kansas City, MO","81030","0.0547241539300019"
"271420","Kansas City, MO","82526","0.0557344875629685"
"41110","St Louis, MO","83566","0.0564368585377581"
"889034","St. Louis, MO","87566","0.0591382853638720"
"1216334","Kansas City, MO","94358","0.0637253081146134"
"890308","St. Louis, MO","96398","0.0651030357959315"
"615257","St. Louis, MO","106718","0.0720727170073053"
"2334624","St. Louis, MO","109846","0.0741852327853263"
"413159","Lamar, MO","109910","0.0742284556145442"
"456332","Ofallon, MO","110110","0.0743635269558499"
"953702","Branson, MO","121030","0.0817384221911408"
"255256","Springfield, MO","125246","0.0845857260658648"
"426756","Springfield, MO","125622","0.0848396601875195"
"870322","Springfield, MO","128686","0.0869089531363227"
"587618","St. Louis, MO","134910","0.0911123732777559"
"8994","St Louis, MO","152806","0.1031985568977894"
"1385542","Kansas City, MO","157598","0.1064348662354739"
"121315","Kansas City, MO","160430","0.1083474764283625"
"1197964","St Louis, MO","167870","0.1133721303249343"
"545963","St. Louis, MO","170358","0.1150524178107772"
"1333939","Kansas City, MO","174318","0.1177268303686299"
"279638","Kansas City, MO","178478","0.1205363142677883"
"1243855","St. Louis, MO","183046","0.1236213437032104"
"1092504","St. Joseph, MO","185646","0.1253772711401844"
"180492","St Louis, MO","187118","0.1263713962121943"
"1317854","St. Louis, MO","191534","0.1293537714282241"
"2780806","St. Louis, MO","193990","0.1310124474994580"
"496564","St Louis, MO","206702","0.1395975819528479"
"1003470","St. Louis, MO","213230","0.1440063105330658"
"195507","Kansas City, MO","213718","0.1443358846058516"
"209208","St Charles, MO","219254","0.1480746593331933"
"2097574","St. Louis, MO","232646","0.1571190363470225"
"571555","St Charles, MO","252774","0.1707126161360276"
"13465","St Louis, MO","264918","0.1789141479801093"
"963106","Walker, MO","268710","0.1814751006112653"
"3890057","St. Louis, MO","277854","0.1876505623357616"
"2634347","Kansas City, MO","284590","0.1921997651109374"
"2808045","Kansas City, MO","288438","0.1947985377176590"
"1879384","Kansas City, MO","290286","0.1960465969113236"
"242545","St Louis, MO","293190","0.1980078327870823"
"2697910","Columbia, MO","294342","0.1987858437130031"
"1313642","Kansas City, MO","309006","0.2086892744575366"
"1238487","Kansas City, MO","317830","0.2146486220359438"
"1571578","St. Louis, MO","319822","0.2159939325953485"
"73291","St Louis, MO","330102","0.2229365995384612"
"2422468","Ashland, MO","337638","0.2280260876788597"
"433082","Ofallon, MO","341014","0.2303060919200998"
"36369","Kansas City, MO","341038","0.2303223004810565"
"334837","Columbia, MO","349262","0.2358764340355467"
"1267144","Columbia, MO","368654","0.2489729512885468"
"1390319","Kansas City, MO","387822","0.2619181886392845"
"2287117","St. Louis, MO","390982","0.2640523158319145"
"3983896","Ozark, MO, United States","405838","0.2740854150641014"
"7420","Kansas City, MO","414094","0.2796611600332005"
"2083787","Kansas City, MO","414926","0.2802230568130322"
"342812","Billings, MO","415574","0.2806606879588626"
"1491662","St. Louis, MO","418838","0.2828650522489716"
"1709254","Springfield, MO","425526","0.2873818379022340"
"381200","Kansas City, MO","427870","0.2889648740223367"
"1067442","Kansas City, MO (USA)","456646","0.3083989386094000"
"418908","Monett, MO","469574","0.3171299501114000"
"355876","St Louis, MO","483382","0.3264552755151452"
"190704","St Louis, MO","492206","0.3324146230935524"
"1873200","St Louis, MO","501310","0.3385630705497876"
"603848","Springfield, MO","513486","0.3467862138084782"
"779741","Belton, MO","536710","0.3624706979608954"
"1661109","Rolla, MO","546854","0.3693215163919203"
"1011288","Rolla, MO","587278","0.3966221358966272"
"3234064","St. Louis, MO","588606","0.3975190096028970"
"4156010","MOSCOW","677758","0.4577284107033232"
"2084889","Kansas City, MO","689286","0.4655139228161834"
"675015","Kansas City, MO","705478","0.4764492986082924"
"1580778","Kansas City, MO","729374","0.4925876224674967"
"2816840","St. Louis, MO","746966","0.5044684976487456"
"1748612","St. Louis, MO","754606","0.5096282228866231"
"300497","St Louis, MO","787430","0.5317961314217136"
"3875064","Columbia, MO","892190","0.6025464999976362"
"3263696","St. Louis, MO","905622","0.6116178912797266"
"415461","St Louis, MO","911238","0.6154106945435905"
"1585963","St. Louis, MO","912662","0.6163724024936871"
"3019297","Springfield, MO","925574","0.6250926082883827"
"731300","St Louis, MO","966230","0.6525499105490042"
"2640453","Crystal City, MO","985366","0.6654735364851330"
"3063534","St. Louis, MO","1010006","0.6821143257339945"
"137154","St Louis, MO","1018150","0.6876144307519624"
"2311354","St. Louis, MO","1039838","0.7022615670031518"
"3821289","St. Louis MO","1045374","0.7060003417304935"
"1415902","Kansas City, MO","1049758","0.7089611055319143"
"2726839","Springfield, MO","1103942","0.7455546333184529"
"2812088","Marshall, MO","1107222","0.7477698033158663"
"2320273","Kansas City, MO","1140846","0.7704779972161796"
"2263780","St. Louis, MO, USA","1152846","0.7785822776945213"
"2886802","St. Louis, MO","1183694","0.7994156813775115"
"1695875","St. Louis, MO","1212846","0.8191036800862295"
"2494638","St. Louis, MO","1235846","0.8346368843363843"
"957302","St. Louis, MO","1304222","0.8808150745019750"
"1356592","St. Louis, MO","1317342","0.8896757544916286"
"2984820","St. Louis, MO","1353550","0.9141290701216114"
"2574482","St. Louis, MO","1356110","0.9158579832903243"
"1715502","Kansas City, MO","1375934","0.9292462546405447"
"529549","Gladstone, MO","1417262","0.9571573966079534"
"2494349","St. Charles, MO","1444342","0.9754460562207443"
"2071928","Kansas City, MO","1546590","1.0444999287498674"
"2072942","St. Louis, MO","1548014","1.0454616366999640"
"2957358","St. Louis, MO","1617814","1.0926015348156512"
"3534421","St. Louis, MO","1652878","1.1162822423733655"
"3533808","St. Louis, MO","1653422","1.1166496364217170"
"2688","St Louis, MO","554","0.0003741476154167"
"555384","Springfield, MO","1570","0.0010603100292496"
"1290634","St. Louis, MO","2490","0.0016816381992558"
"31516","Lincoln, MO","4002","0.0027027775395269"
"8026","Birch Tree, MO","5186","0.0035023998800566"
"9636","St Louis, MO","7546","0.0050962417074638"
"291700","St Louis, MO","12442","0.0084027881426272"
"98933","St Louis, MO","15138","0.0102235498234279"
"21204","Columbia, MO","20802","0.0140487702092052"
"26604","Springfield, MO","23514","0.0158803375973104"
"86015","Billings, MO","26194","0.0176902935708067"
"691969","Springfield, MO","26842","0.0181279247166372"
"864369","Lee's Summit, MO","29074","0.0196353208856087"
"1222564","Kansas City, MO","29898","0.0201918148117882"
"854331","St. Charles, MO","34658","0.0234065127348637"
"257533","St Louis, MO","40066","0.0270588418037697"
"4318","St Louis, MO","40466","0.0273289844863810"
"2200824","Kansas City, MO","49858","0.0336719346740964"
"2789764","Kansas City, MO","60778","0.0410468299093873"
"814747","St. Louis, MO","61898","0.0418032294206992"
"389499","Kansas City, MO","77306","0.0522091255548899"
"55142","Ballwin, MO","77978","0.0526629652616770"
"390679","Webb City, MO","80642","0.0544621155278689"
"7530","St Louis, MO","81858","0.0552833492830075"
"30532","St Louis, MO","100778","0.0680610981705262"
"1552551","Kansas City, MO","100826","0.0680935152924395"
"925782","St. Louis, MO","109890","0.0742149484804136"
"207240","Kansas City, MO","115522","0.0780185574515819"
"1100258","St. Louis, MO","119794","0.0809036813018716"
"424671","Webb City, MO","121306","0.0819248206421426"
"431268","St Louis, MO","122778","0.0829189457141525"
"2840284","Kansas City, MO","129226","0.0872736457578481"
"292821","St. Louis, MO","138082","0.0932546047508642"
"765297","Kansas City, MO","138810","0.0937462644332170"
"2046","Columbia, MO","148898","0.1005592628886762"
"719763","Bloomsdale, MO","167858","0.1133640260444560"
"88774","St Louis, MO","182818","0.1234673623741219"
"1965940","Springfield, MO","182914","0.1235321966179486"
"464341","St. Louis, MO","183674","0.1240454677149103"
"154759","St Louis, MO","185010","0.1249477442748323"
"1159103","Rolla, MO","207082","0.1398542175013287"
"2158081","St. Louis, MO","213098","0.1439171634478040"
"2726785","Springfield, MO","215346","0.1454353653240800"
"2755718","St. Louis, MO","234146","0.1581320714068152"
"462158","St Louis, MO","237922","0.1606822183306667"
"740402","St. Louis, MO","240458","0.1623949229384230"
"1282513","Kansas City, MO","247594","0.1672142683962101"
"1930802","Springfield, MO","254962","0.1721902966099119"
"994775","Columbia, MO","256530","0.1732492559257485"
"343557","St Louis, MO","263314","0.1778308758228377"
"525556","Springfield, MO","272810","0.1842440631080320"
"292556","St Louis, MO","288194","0.1946337506812660"
"1655918","St. Louis, MO","301490","0.2036132934512686"
"487767","SpringBilly, MO","303986","0.2052989837907636"
"1529795","St Louis, MO","323330","0.2183630839218504"
"161059","Kirksville, MO","323714","0.2186224208971573"
"34966","Billings, MO","326098","0.2202324712855212"
"463355","St Louis, MO","337258","0.2277694521303789"
"273832","Kansas City, MO","343858","0.2322268063934668"
"392742","Kirksville, MO","348274","0.2352091816094965"
"1011407","Kansas City, MO","355674","0.2402068212378072"
"1646896","St. Louis, MO","376562","0.2543136721237739"
"1090689","Joplin, MO","413442","0.2792208274605439"
"1370953","St. Louis, MO","414626","0.2800204498010736"
"3666478","Kirkwood, MO","418314","0.2825111653347506"
"58073","St Louis, MO","420834","0.2842130642352024"
"670029","Kansas City, MO","423546","0.2860446316233076"
"1792405","St. Louis, MO","454058","0.3066511154529043"
"472738","Kansas City, MO","475378","0.3210497204360913"
"608372","St. Louis, MO","483026","0.3262148485276210"
"2105982","St. Louis, MO","503698","0.3401758223649776"
"1998823","Kansas City, MO","514290","0.3473292006005271"
"1743954","St. Louis, MO","529130","0.3573514941254096"
"116649","Kansas City, MO","530818","0.3584914962460297"
"120715","Columbia, MO","550162","0.3715555963771164"
"2683227","Kansas City, MO","554674","0.3746028058369729"
"567100","St Louis, MO","563506","0.3805675562690323"
"2776722","St. Louis, MO","565218","0.3817237669506091"
"1336797","Mountain Grove, MO","580154","0.3918108947193183"
"639761","St Louis, MO","581602","0.3927888112303716"
"3512270","Kansas City, MO","612170","0.4134331150355338"
"1951357","Kansas City, MO","636130","0.4296146617239560"
"250425","St Peters, MO","653778","0.4415333568807705"
"1577677","Kansas City, MO","665986","0.4497781115540700"
"3402159","St. Louis, MO","741970","0.5010944155429293"
"630195","UNDEMOCRACY CHINA","750778","0.5070429574140321"
"433446","St Louis, MO","812738","0.5488880589505361"
"3662419","Kansas City, MO","826690","0.5583106357200214"
"283890","Birch Tree, MO","857610","0.5791926650858817"
"227937","Rolla, MO","864554","0.5838823420560154"
"195552","Independence, MO","897058","0.6058341364450168"
"2678777","Springfield, MO","914074","0.6173260061633053"
"1195216","Billings, MO","957970","0.6469714641530790"
"1072184","St. Louis, MO","958378","0.6472470096893426"
"489502","St Louis, MO","962554","0.6500672992958055"
"818276","St. Louis, MO","964138","0.6511370643189466"
"3234649","Kansas City, MO","967170","0.6531847458531409"
"3091671","Saint Louis, MO","967962","0.6537196283647115"
"195556","St Louis, MO","971130","0.6558591584109937"
"1307162","St. Louis, MO","978546","0.6608676037466088"
"1210367","St. Louis, MO","979474","0.6614943347702672"
"1112103","St. Louis, MO","994242","0.6714680026122797"
"513520","Neelyville, MO","1017514","0.6871849038866103"
"133263","Kansas City, MO","1018114","0.6875901179105273"
"3622510","Kansas City, MO","1066762","0.7204448709697244"
"3777230","St. Louis, MO","1068250","0.7214498017490387"
"205354","Billings, MO","1083618","0.7318286836149683"
"3264790","Columbia, MO","1095522","0.7398681298494832"
"3126574","Springfield, MO","1099450","0.7425209309927270"
"554015","St Louis, MO","1111586","0.7507170599831566"
"1413907","Kansas City, MO","1376786","0.9298216585545070"
"1822953","St Louis, MO","1381562","0.9330471621848870"
"2697116","St. Louis, MO","1456682","0.9837799579793057"
"1984147","St. Louis, MO","1458754","0.9851792970752327"
"1980574","St. Louis, MO area","1458970","0.9853251741238428"
"3113315","St. Louis, MO","1460770","0.9865408161955941"
"3590014","St. Louis, MO","1473410","0.9950773249661139"
"1382173","Kansas City, MO","1489594","1.0060072979045707"
"1034232","Salem, MO","1502234","1.0145438066750906"
"1253614","St. Louis, MO","1518026","1.0252090397845882"
"1667141","Rolla, MO","1578138","1.0658060821274276"
"1822049","Kansas City, MO","1580466","1.0673783125402259"
"2741047","Columbia, MO","1634026","1.1035504177418908"
"3220840","St. Louis, MO","1673162","1.1299811778085890"
"3334184","St. Louis, MO","1685402","1.1382475438964975"
"3874394","St. Louis, MO","1738946","1.1744088433908579"
"3966109","St. Louis, MO","1745394","1.1787635434345535"
"2525979","StL MO","1804466","1.2186582148026033"
"2124298","Kansas City, MO","1825530","1.2328839284689190"
"1913458","Kansas City, MO","1843514","1.2450295434791270"
"1196294","St. Louis, MO","1872570","1.2646527079440183"
"1389821","St. Louis, MO","1897650","1.2815906541437523"
"976423","MOhali, Punjab, India","1911258","1.2907809082061918"
"935874","St. Louis, MO","1526323","1.0308124743786549"
"762371","Kansas City, MO","1530203","1.0334328583999854"
"1717350","Ballwin, MO","1575427","1.0639751900960289"
"3549021","MOMBASA","1656099","1.1184575663250937"
"3873214","St. Louis, MO","1737611","1.1735072421876424"
"2820308","St. Louis, MO","1771035","1.1960803647466500"
"2417544","Joplin, MO","1790707","1.2093659818774781"
"2124824","St. Louis, MO","1827835","1.2344406256774671"
"1807543","St. Louis, MO","1853659","1.2518810372668584"
"1626456","Columbia, MO","1882571","1.2714069503660095"
"3091963","Kansas City, MO","1945827","1.3141273141941745"
"534290","St Louis, MO","2039059","1.3770921706572368"
"2520840","St. Louis, MO","2176131","1.4696646651345074"
"4261498","Wentzville, MO","2309635","1.5598274868828843"
"1469547","Kansas City, MO","2315931","1.5640795327071876"
"1336897","Saint Louis, MO","2321323","1.5677210560687891"
"1612467","Kansas City, MO","2326371","1.5711302567233448"
"1538788","Kansas City, MO","2329155","1.5730104497943201"
"272095","St Louis, MO","2366635","1.5983228191550071"
"3684270","St. Louis, MO","2478483","1.6738601160668035"
"3576244","Springfield, MO","2487131","1.6797006008648617"
"3442480","Columbia, MO","2496955","1.6863353051497974"
"3407119","Kansas City, MO","2497963","1.6870160647099781"
"3117501","St Louis MO","2508971","1.6944503913354435"
"3251407","Liberty, MO United States","2521523","1.7029274687157889"
"3993040","Kansas City, MO","2574619","1.7387862084056246"
"3400281","Columbia, MO","2623659","1.7719057012937808"
"3689628","St. Louis, MO","2648907","1.7889571074202116"
"3772512","St. Louis, MO","2659715","1.7962563627043713"
"348292","Springfield, MO","2707915","1.8288085559590436"
"2953911","St. Louis, MO","2765523","1.8677145051087358"
"1705050","Kansas City, MO","2815627","1.9015525775326383"
"2133951","Kansas City, MO","2842395","1.9196305258529924"
"2246909","St. Louis, MO","2847859","1.9233206748974639"
"708309","Springfield, MO","2869179","1.9377192798806509"
"1120040","St. Louis, MO","2880755","1.9455372091154245"
"1707287","Clayton, MO","2957475","1.9973505756402888"
"2357105","MOHALI","2981827","2.0137968621576701"
"3961196","St. Louis, MO","3049579","2.0595536297383870"
"996120","Columbia, MO","3171371","2.1418066737399025"
"168077","Kansas City, MO","3199051","2.1605005473766106"
"2266260","Joplin, MO","3260939","2.2022970232302446"
"3434198","Nixa, MO","3341163","2.2564768396547846"
"3565372","Springfield, MO","3350115","2.2625226328916275"
"2651321","Springfield, MO","3449331","2.3295288238865562"
"3013987","St. Louis, MO","3455523","2.3337106326133805"
"2719016","St. Louis, MO","3474835","2.3467531213298583"
"2069786","Maryville, MO","3494659","2.3601413926800788"
"1231334","Kansas City, MO","3526659","2.3817528072889898"
"1295918","St. Louis, MO","3532235","2.3855185962845926"
"1530000","St. Louis, MO","3551971","2.3988474362446385"
"337756","Augusta, MO","3578259","2.4166012133458589"
"3443664","Kansas City, MO","3590819","2.4250836935798565"
"3638852","KC, MO","3606363","2.4355814382261350"
"683239","St. Louis, MO","1914450","1.2929366468134306"
"3216788","St. Louis, MO","1929378","1.3030183717284876"
"3610217","St. Louis, MO","1948538","1.3159582062255731"
"3630211","St. Louis, MO","1961738","1.3248729147517490"
"3376494","Maryville, MO","1977682","1.3356408020806389"
"1440834","Parkville, MO","2055594","1.3882591937996851"
"1510510","St. Louis, MO","2066186","1.3954125720352347"
"1179476","Kansas City, MO","2077586","1.4031116384896592"
"1757802","St. Louis, MO","2090506","1.4118372471380071"
"2748843","St. Louis, MO","2158370","1.4576696546698552"
"2671545","Kansas City, MO","2160242","1.4589339224244765"
"4050973","Springfield, MO","2267098","1.5310998386572828"
"1576452","St. Louis, MO","2323322","1.5690710941251395"
"1304588","Arnold, MO","2334634","1.5767107291893896"
"781686","St. Louis, MO","2362010","1.5951992943873130"
"2153109","Kansas City, MO","2392658","1.6158976267289975"
"2004445","Kansas City, MO","2397978","1.6194905244077290"
"3574936","St. Louis, MO","2486362","1.6791812515575414"
"3066003","Kansas City, MO","2515450","1.6988260274370415"
"599196","St Louis, MO","2701818","1.8246909061193395"
"1200828","Springfield, MO","2716498","1.8346051425711775"
"1108446","Columbia, MO","2726930","1.8416504637336825"
"2573603","St. Louis, MO","2789530","1.8839277935623648"
"2464090","St. Louis, MO","2801258","1.8918483770165307"
"2344139","St. Louis, MO","2808762","1.8969162537423203"
"4206241","Kansas City, MO","2858482","1.9304949891909159"
"2181183","Kansas City, MO","2942098","1.9869656155640005"
"2961426","Irondale, MO","3014050","2.0355588813121370"
"3783798","St. Louis, MO","3030826","2.0468886654208586"
"3856345","St. Louis, MO","3044682","2.0562464079465171"
"3525904","Kansas City, MO","3102842","2.0955251539982130"
"3633139","Macon, MO","3111938","2.1016681986007959"
"3429326","St. Louis, MO","3119890","2.1070386351311103"
"3371831","Springfield, MO","3122866","2.1090484966897391"
"1418758","St. Louis, MO","3145402","2.1242683354280647"
"1310397","St. Louis, MO","3182378","2.1492403250086614"
"628681","St Louis, MO","3184658","2.1507801382995463"
"331136","St Louis, MO","3194122","2.1571717141701318"
"2587675","Kansas City, MO","3221178","2.1754441652219661"
"1984871","Springfield, MO","3280170","2.2152848080534936"
"1873057","St. Louis, MO","3289682","2.2217088010459924"
"3524416","St. Louis, MO","3347826","2.2609767413903838"
"3760632","St. Louis, MO","3406706","2.3007417442707802"
"2989301","KCMO","3450546","2.3303493822849883"
"2864518","KC, MO - US","3468762","2.3426516800511109"
"2844050","MO","3469634","2.3432405910992038"
"2070279","Kansas City, MO","3494410","2.3599732288601532"
"1672166","St. Louis, MO","3525066","2.3806769640554900"
"1712188","St. Louis, MO","3525610","2.3810443581038414"
"1166010","Butler, MO","3543714","2.3932710159188329"
"1636215","Kansas City, MO","3549186","2.3969665678169567"
"542713","St Louis, MO","3573674","2.4135047028464259"
"3688686","St. Louis, MO","3602130","2.4327226532874000"
"3621236","Saint Louis, MO","3607106","2.4360832282590857"
"3590858","Kansas City, MO","3608810","2.4372340360870102"
"3658443","Columbia, MO","3613282","2.4402542312786055"
"3338211","St. Louis, MO","3628650","2.4506331131445351"
"3365467","Joplin, MO","1667334","1.1260451989229411"
"4063663","O'fallon, MO","1703126","1.1502175661630081"
"4216711","Rolla, MO","1752998","1.1838989558309960"
"2722956","St. Louis, MO","1766006","1.1926839958695183"
"2453398","Slater, MO","1794814","1.2121396718711905"
"2559364","Kansas City, MO","1808302","1.2212488831288465"
"2088077","St. Louis, MO","1825046","1.2325570558229592"
"1914159","St. Louis, MO","1843358","1.2449241878329086"
"1195212","Kansas City, MO","1871998","1.2642664039078840"
"1390656","Kansas City, MO","1896966","1.2811287101564869"
"3105801","St. Louis, MO","1933030","1.3054847744207296"
"3180182","Kansas City, MO","1938998","1.3095153032452915"
"3179250","St. Louis, MO","1939814","1.3100663943178188"
"3629297","Bragg City, MO","1962006","1.3250539103490986"
"869605","Kansas City, MO","2042638","1.3795092723099022"
"1898573","St. Louis, MO","2108118","1.4237316294533865"
"2544722","St. Louis, MO","2175446","1.4692020457905354"
"2470943","Clinton, MO","2189470","1.4786732482428906"
"1469095","St. Louis, MO","2315446","1.5637519847045213"
"232229","St Louis, MO","2366494","1.5982275938593866"
"3499422","Columbia, MO","2489726","1.6814531515183031"
"3876201","St. Louis, MO","2564062","1.7316564676548035"
"3971852","Maryville , MO","2575998","1.7397175253039274"
"3353202","St. Louis, MO","2605206","1.7594433439882109"
"897914","St. Louis, MO","2705886","1.8274382572014974"
"430771","St Louis, MO","2709806","1.8300856554910890"
"640179","Saint Louis, MO","2713590","1.8326412052685927"
"1235961","Kansas City, MO","2714046","1.8329491679267697"
"1299299","Kansas City, MO","2720510","1.8373146736777697"
"1139332","St. Louis, MO","2723798","1.8395352465288353"
"1045308","St. Louis, MO","2731206","1.8445382890107982"
"1044965","St. Louis, MO","2731294","1.8445977204009727"
"1429090","St. Louis, MO","2734094","1.8464887191792525"
"1429340","St. Louis, MO","2734158","1.8465319420084703"
"1398916","MO","2741750","1.8516592501244344"
"2573003","O'fallon, MO","2789598","1.8839737178184087"
"2465433","St. Louis, MO","2802910","1.8929640662957157"
"1678404","Blue Springs, MO","2819846","1.9044019074774819"
"1150935","Kansas City, MO","2882550","1.9467494744036431"
"1215123","Kansas City, MO","2887790","1.9502883435458523"
"1618561","St. Louis, MO","2909934","1.9652434424552187"
"1515505","Washington University in St. Louis, MO","2915606","1.9690740656946482"
"3782119","MOSALLAS Group","3035078","2.0497602821370177"
"3854532","St. Louis, MO","3042086","2.0544931819363692"
"3236634","St. Louis, MO","3095814","2.0907787470647309"
"4215848","St. Louis, MO","3140486","2.1209482818587707"
"1217220","Kansas City, MO","3174118","2.1436618786127362"
"1980419","Kansas City, MO","3284262","2.2180483676966081"
"3258848","Saint Louis, MO","3307398","2.2336734204588508"
"3242709","Independence, MO","3309702","2.2352294423106924"
"3434596","Kansas City, MO","3341342","2.2565977285052532"
"3692748","Kansas City, MO","3409342","2.3025219845491892"
"2554845","St. Louis, MO","3441910","2.3245170017674085"
"2225788","Kansas City, MO","3491966","2.3583226570693976"
"1231965","MOGI GUAU","3527190","2.3821114217001564"
"717717","St Charles, MO","3576286","2.4152687345638782"
"656785","Springfield, MO","3582174","2.4192452348519179"
"3521224","St. Louis, MO","3586550","2.4222005957996864"
"3519850","Kansas City, MO","3587134","2.4225950041162991"
"3135133","Camdenton, MO","3639670","2.4580755440504788"
"4196024","St. Louis, MO","3658318","2.4706695959138217"
"2638972","Springfield,MO","1252688","0.8460112419877368"
"309428","Ava, MO","1379656","0.9317599323022437"
"1747421","St. Louis, MO","1444208","0.9753555584220695"
"1413302","St. Louis, MO","1483024","1.0015702043426786"
"2171505","Saint Louis, MO","1551344","1.0477105745327038"
"2317163","Kansas City, MO","1560992","1.0542264160372904"
"2975676","St. Louis, MO","1618416","1.0930080995529813"
"3624943","Kansas City, MO","1641600","1.1086655694371374"
"3075517","Springfield, MO","1691344","1.1422605134466897"
"3775979","Springfield, MO","1720672","1.1620673749357566"
"3681518","St. Louis, MO","1730008","1.1683725051479064"
"3717605","St. Louis, MO","1731144","1.1691397103665228"
"2759654","St. Louis, MO","1769184","1.1948302794828658"
"2562373","Kansas City, MO","1806344","1.2199265346974638"
"2623418","St. Louis, MO","1813808","1.2249673971549923"
"152976","Springfield, MO","1908160","1.2886886531293666"
"3199127","St. Louis, MO","1930864","1.3040219517943890"
"3557500","St. Louis, MO","1951616","1.3180369541682678"
"3514161","Plato, MO","1968216","1.3292478754966404"
"3407616","St. Louis, MO","1973192","1.3326084504683261"
"3753377","St. Louis, MO","2011928","1.3587690678524129"
"3784473","PROMOCIONALES - JINGLE POLTICOS - CUAS - IDENTIFICATIVO CONTACTOS AL CEL. 944 40 26 37","2014184","1.3602926725823411"
"3807881","Springfield, MO","2019072","1.3635938161638523"
"739186","St. Louis, MO","2048392","1.3833952747992671"
"538689","St Louis, MO","2049912","1.3844218169931903"
"1342305","St. Louis, MO","2053384","1.3867666554782572"
"2253174","Laayoune, MOROCCO","2119256","1.4312537524507006"
"2111916","St. Louis, MO","2127968","1.4371374600779766"
"3618720","St. Louis, MO","2236256","1.5102704871145317"
"3380720","St. Louis, MO","2241768","1.5139930532809166"
"3362376","St. Charles, MO","2243480","1.5151492639624933"
"3361667","Cape Girardeau, MO","2244912","1.5161163747662421"
"909975","JC, MO","2359392","1.5934312105296214"
"317848","Independence, MO","2363504","1.5962082773068665"
"1689761","Kansas City, MO","2373040","1.6026484788603220"
"1866905","St. Louis, MO","2384504","1.6103907681439644"
"2080914","St. Louis, MO","2399992","1.6208506928146773"
"2609198","Kansas City, MO","2467056","1.6661428149813027"
"3574883","St. Louis, MO","2486400","1.6792069151123894"
"3952917","St. Louis, MO","2568760","1.7348292934620743"
"4262615","Kansas City, MO","2583320","1.7446624871091288"
"4249808","St. Louis, MO","2583984","1.7451109239622637"
"4199236","Kansas City, MO","2586024","1.7464886516435818"
"2635517","Springfield, MO","2785488","1.8811980017545767"
"2665644","Kansas City, MO","2785736","1.8813654902177957"
"2388232","St. Peters, MO","2807480","1.8960504464445508"
"2062464","Kansas City, MO","2833272","1.9134692466193331"
"745745","Columbia, MO","2869968","1.9382521363221019"
"1118591","St Louis, MO","2879920","1.9449732862654732"
"3919802","Carthage, MO","3045904","2.0570716938418949"
"3361119","Kansas City, MO","3123824","2.1096954884145933"
"3348550","Kansas City, MO","3128208","2.1126562522160141"
"214045","St Louis, MO","3198704","2.1602661985994452"
"2800627","Lees Summit, MO","3239552","2.1878531693477202"
"2859922","Kansas City, MO","3245896","2.1921376322939368"
"2192935","St. Louis, MO","3263840","2.2042562330358837"
"2052846","Kansas City, MO","3277304","2.2133492357325830"
"1695859","Kansas City, MO","3298512","2.2276722007646388"
"3072076","Columbia, MO","3324952","2.2455286320852516"
"3605074","Kansas City, MO","3357096","2.2672372980599027"
"4224255","Saint Louis, MO","3416280","2.3072076093790837"
"2514518","St. Louis, MO","3423336","2.3119729263003486"
"2552662","Kansas City, MO","3440344","2.3234593931649849"
"2946311","Kansas City, MO","3458840","2.3359507908089355"
"2906296","Columbia, MO","3462848","2.3386576204887016"
"2788011","Kansas City, MO","3475696","2.3473346034541794"
"1784398","Columbia, MO","3516768","2.3750728541047167"
"1098706","St. Charles, MO","3540760","2.3912760122077478"
"3539641","MOROCCO","3588408","2.4234554085604163"
"3966329","St. Louis, MO","3663280","2.4740207158916160"
"3846946","St. Louis, MO","3679472","2.4849560916837250"
"3861335","St. Louis, MO","3679568","2.4850209259275517"
"3520489","St. Louis, MO","1472425","0.9944120986101834"
"1091779","St. Louis, MO","1506777","1.0176119521928494"
"968639","Pacific, MO","1523329","1.0287904563993087"
"225218","St Louis, MO","1534385","1.0362572001466874"
"2037917","St. Louis, MO","1543649","1.0425137046759672"
"1895681","St. Louis, MO","1562585","1.0553022592707903"
"1857274","St. Peters, MO","1567393","1.0585493743157792"
"1930812","HERMOSILLO,SONORA","1569905","1.0602458703625787"
"2631781","Sunrise Beach, MO","1592857","1.0757466574908202"
"3680402","St. Louis, MO","1644753","1.1107949691328217"
"3258592","St. Louis, MO","1679593","1.1343243967882736"
"4245303","Columbia, MO","1757137","1.1866942572393173"
"1984960","St. Louis, MO","1847577","1.2477735177777522"
"1387342","St. Louis, MO","1895753","1.2803095024714678"
"3666287","Kansas City, MO","1956145","1.3210956446921352"
"3462536","Springfield, MO","1965193","1.3272062721728048"
"238876","Rolla, MO","2035753","1.3748594413854537"
"536649","Kansas City, MO","2050153","1.3845845779594637"
"2928998","St. Charles, MO","2146457","1.4496241302249815"
"2611853","Wentzville, MO","2167881","1.4640929723056475"
"3186062","Rolla, MO","2194721","1.4822195463088716"
"3276496","Kansas City, MO","2202425","1.4874224943759670"
"3787686","Kansas City, MO","2294313","1.5494796714254551"
"3749183","Nixa, MO","2299889","1.5532454604210578"
"1399275","Kansas City, MO","2319865","1.5667363859906706"
"1367900","Kansas City, MO","2322225","1.5683302278180778"
"1270167","St. Louis, MO","2337241","1.5784713841233093"
"1050492","Kansas City, MO","2346881","1.5849818227742437"
"1725758","St. Louis, MO","2376953","1.6052911496529679"
"2263261","St. Louis, MO","2406889","1.6255086280196042"
"3050005","Sedalia, MO","2511729","1.6963130251320491"
"4262723","KCMO","2584929","1.7457491360499331"
"4163247","Cape Girardeau, MO","2689281","1.8162239590895921"
"1171282","Harrisonville, MO","2718345","1.8358525264081356"
"1298680","St. Louis, MO","2720313","1.8371816284065836"
"2094066","Springfield, MO","2841585","1.9190834869207043"
"1026587","Kansas City, MO","2883481","1.9473782314974211"
"1345275","Kansas City, MO","2903753","1.9610690626521663"
"1512861","Springfield, MO","2917513","1.9703619709339980"
"2205098","St. Louis, MO","2930497","1.9791308024115637"
"2276061","Kansas City, MO","2934409","1.9817727978475031"
"2751922","St. Louis, MO","2993545","2.0217106920447707"
"2938717","Kansas City, MO","3016817","2.0374275933191013"
"3022695","Kansas City, MO","3069953","2.0733133472771981"
"1419215","St. Louis, MO","3145593","2.1243973285590116"
"1552977","KCMO","3156849","2.1319991436476961"
"1552924","Kansas City, MO","3156857","2.1320045465013483"
"1123392","St. Louis, MO","3164585","2.1372237031294003"
"1098015","AMOY.CN","3168049","2.1395631387608149"
"1186450","Kansas City, MO","3178353","2.1465220142648843"
"2521241","Kansas City, MO","3216841","2.1725151431857521"
"2915708","Kansas City, MO","3243137","2.1902743231406247"
"2158246","St. Robert, MO","3262529","2.2033708403936249"
"2121821","St. Louis, MO","3274065","2.2111617553601373"
"1800981","St. Louis, MO","3292825","2.2238314471746114"
"3204559","Metro St Louis, MO","3306265","2.2329082413103540"
"3127507","St. Louis, MO","3331577","2.2500028702660027"
"3507361","Kansas City, MO","3335065","2.2523585144583740"
"3745894","Springfield, MO","3407345","2.3011732972062519"
"3018787","Kansas City, MO","3456137","2.3341253016311890"
"2258144","St. Louis, MO","3488705","2.3561203188494082"
"1133656","St. Louis, MO","3543777","2.3933135633913442"
"595882","Billings, MO","3572489","2.4127044051491896"
"3570126","St. Louis, MO","3585081","2.4212084967977961"
"3718400","Independence, MO","3598025","2.4299503140071007"
"3659325","Potosi, MO","3612681","2.4398483418979819"
"4203079","St Louis, MO","3659537","2.4714928557390799"
"2568668","St. Louis, MO","1335125","0.9016856228038244"
"3284108","St. Louis, MO","1369829","0.9251232019471884"
"1902391","St. Louis, MO","1370653","0.9256796958733679"
"1420703","West Plains, MO","1394909","0.9420611481469225"
"3816534","Kansas City, MO","1464005","0.9887255951412137"
"886699","West Plains, MO","1470893","0.9933774521357818"
"1456600","Springfield, MO","1481653","1.0006442902980281"
"1380446","Columbia, MO","1488845","1.0055014557313809"
"1529465","St Louis, MO","1490989","1.0069494205101779"
"563207","Kansas City, MO","1527877","1.0318619787006001"
"2317611","Kansas City, MO","1561645","1.0546674239666535"
"3795671","St. Louis, MO","1717525","1.1599420273803115"
"3874512","Kansas City, MO","1738669","1.1742217695831495"
"1771335","Kansas City, MO","1857741","1.2546378433429076"
"1195392","Kansas City, MO","1872085","1.2643251599413520"
"1135251","St. Louis, MO","1880381","1.2699279191787122"
"3293334","Columbia, MO","1921301","1.2975635156098572"
"3059000","Kirkwood, MO","1941005","1.3108707441552942"
"3556726","O'fallon, MO","1952141","1.3183915164391952"
"4037766","St. Louis, MO","2005517","1.3544393560068589"
"663050","Billings, MO","2036901","1.3756347508845484"
"368554","St Louis, MO","2037429","1.3759913392255954"
"695494","St. Louis, MO","2047541","1.3828205462420113"
"1405827","Kansas City, MO","2059149","1.3906600868913938"
"1308556","Saint Louis, MO","2074117","1.4007688260747120"
"1795036","Springfield, MO","2095309","1.4150809853994633"
"1899107","St. Louis, MO","2108309","1.4238606225843334"
"2216872","Kansas City, MO","2113885","1.4276264115799362"
"3546049","St. Louis, MO","2229453","1.5056760354400185"
"3884422","St. Louis, MO","2279373","1.5393898422299197"
"1646264","St. Louis, MO","2328197","1.5723634580694658"
"1271996","St. Louis, MO","2336725","1.5781229000627406"
"2005945","Kansas City, MO","2397085","1.6188874308687991"
"2407227","Forsyth, MO","2451709","1.6557781156062103"
"2611135","Ballwin, MO","2466349","1.6656653377897871"
"2647183","St. Louis, MO","2468389","1.6670430654711052"
"3934593","Rolla, MO","2565029","1.7323095375900166"
"3900946","Kansas City, MO","2568813","1.7348650873675203"
"4008187","St. Charles, MO","2572925","1.7376421541447654"
"3208180","Springfield, MO","2587901","1.7477562961817357"
"3267645","St. Louis, MO","2610965","1.7633327232611084"
"3579750","Rolla, MO","2636157","1.7803463094119736"
"1043261","Kansas City MO","2729445","1.8433489858506016"
"1431774","St. Louis, MO","2732845","1.8456451986527984"
"2881125","Kansas City, MO","2755373","1.8608596345374718"
"2980275","St. Louis, MO","2767061","1.8687532037233765"
"345284","Blue Springs, MO","2867749","1.9367535197903152"
"592767","St Louis, MO","2872213","1.9397683121282583"
"1477560","Saint Louis, MO","2899517","1.9582082516433117"
"2030622","St. Louis, MO","2923101","1.9741358642100791"
"2180632","Kansas City, MO","2941677","1.9866812903905520"
"2597513","Joplin, MO","2975725","2.0096758355344333"
"3712053","Kansas City, MO","3022965","2.0415796863508383"
"3083535","Kansas City, MO","3079597","2.0798264873549587"
"4269234","MONS","3130445","2.1141670251685183"
"1873898","St. Peters, MO","3288173","2.2206896877758410"
"3053520","Kansas City, MO","3323101","2.2442785468214674"
"3565394","Union, MO","3350197","2.2625780121415628"
"2476678","St. Louis, MO","3429493","2.3161310975424444"
"1228841","Kansas City, MO","3528493","2.3829914114887630"
"1361826","Saint Joseph, MO","3563485","2.4066234933636073"
"760028","St. Louis, MO","3574613","2.4141388627938561"
"467363","St. Louis, MO","3577637","2.4161811414743982"
"3444198","Kansas City, MO","3593197","2.4266896918279812"
"3194425","STL, MO","3635141","2.4550168535266114"
"2113164","Kansas City, MO","1296471","0.8755803846696729"
"1770237","Kansas City, MO","1320639","0.8919024055530529"
"2992758","Kansas City, MO","1325415","0.8951279091834329"
"2040491","St. Louis, MO","1338519","0.9039777834657820"
"2124883","St. Louis, MO","1349383","0.9113148587255073"
"1380168","St. Louis, MO","1488479","1.0052542751767915"
"1380201","Columbia, MO","1488503","1.0052704837377481"
"1091607","Kansas City, MO","1506679","1.0175457672356096"
"968225","Clever, MO","1523479","1.0288917599052879"
"229000","Springfield, MO","1535487","1.0370014432372818"
"2171178","Kansas City, MO","1551615","1.0478935962001730"
"3054665","Kansas City, MO","1691143","1.1421247667486774"
"3795568","Rolla, MO","1717407","1.1598623352889412"
"3775540","St. Louis, MO","1720551","1.1619856567742667"
"2591943","St. Louis, MO","1814815","1.2256474813584665"
"2196792","St Louis, MO","1841567","1.2437146239715161"
"1877508","St. Louis, MO","1852567","1.2511435477433293"
"1195459","Kansas City, MO","1872111","1.2643427192157217"
"1591094","St.Louis, MO","1887247","1.2745649183257366"
"1356989","Kansas City, MO","1895343","1.2800326062217911"
"403649","St Louis, MO","1903927","1.2858298681906315"
"283306","Columbia, MO","1907407","1.2881801095293506"
"3217233","Kansas City, MO","1929423","1.3030487627802814"
"3105736","St. Louis, MO","1933095","1.3055286726066540"
"3126500","Springfield, MO","1934799","1.3066794804345785"
"3157759","St. Louis, MO","1937519","1.3085164506763359"
"3630006","St. Louis, MO","1961791","1.3249087086571950"
"4156977","Saint Louis, MO USA","1979479","1.3368544180822706"
"4009453","St. Louis, MO","2007247","1.3556077231091531"
"2668871","St. Louis, MO","2161359","1.4596882958656688"
"2517969","Rolla, MO","2178511","1.4712720140960451"
"3221646","Columbia, MO","2198503","1.4847737453729623"
"3991296","Hazelwood, MO","2273263","1.5352634127530308"
"3741631","St. Louis, MO","2300383","1.5535790866340829"
"1401517","St. Louis, MO","2318399","1.5657463130588998"
"575278","Springfield, MO","2356247","1.5913072136875894"
"1760626","Columbia, MO","2370791","1.6011296016273395"
"2823438","Lee's Summit, MO","2421679","1.6354971537091603"
"3592870","St. Louis, MO","2482311","1.6764453815393945"
"3352494","Rolla, MO","2603895","1.7585579513459521"
"3456338","Columbia, MO","2620159","1.7695419528209311"
"3865573","St. Louis, MO","2649055","1.7890570602127778"
"3850028","St. Louis, MO","2656703","1.7942221883043076"
"1141222","St. Louis, MO","2725111","1.8404219898845072"
"1011322","Kansas City, MO","2728799","1.8429127054181842"
"1076636","Kansas City, MO","2731503","1.8447388699526372"
"1076571","St. Louis, MO","2731975","1.8450576383181186"
"1365023","St. Louis, MO","2737951","1.8490935699963328"
"2816398","Joplin, MO","2773799","1.8733037572119654"
"1883818","Saint Louis, MO","2821223","1.9053318736623716"
"456480","Neelyville, MO","2865423","1.9351826400909300"
"2961589","St. Louis, MO","3013791","2.0353839639251461"
"3766271","St. Louis, MO","3036215","2.0505281627123405"
"3561150","Kansas City, MO","3100599","2.0940103289054696"
"4216082","Saint Louis, MO","3140607","2.1210300000202607"
"1418534","Kansas City, MO","3144327","2.1235423269685466"
"1483575","St. Louis, MO","3146911","2.1252874486982161"
"1346859","St. Louis, MO","3149783","2.1272270731593659"
"1154597","St. Louis, MO","3166407","2.1384542030486952"
"1284926","St. Louis, MO","3181671","2.1487628478171458"
"3260980","Kansas City, MO","3316575","2.2398711689546626"
"3585508","Columbia, MO","3353711","2.2649512156083039"
"3931109","St. Louis, MO","3381367","2.2836288806840553"
"2347630","St. Louis, MO","3434599","2.3195794688859788"
"2334267","St. Louis, MO","3481695","2.3513860683366437"
"1200260","Fenton, MO","3528679","2.3831170278361773"
"1165957","St. Louis, MO","3543727","2.3932797955560177"
"379200","Columbia, MO","3579383","2.4173603142839969"
"246021","St Peters, MO","3580695","2.4182463822829623"
"207865","Springfield, MO","3581383","2.4187110276970538"
"3443208","Kansas City, MO","3590319","2.4247460152265923"
"3845499","St. Louis, MO","3680255","2.4854848959849368"
"3653498","St. Louis, MO","1446628","0.9769899216518684"
"702649","Kansas City, MO","1454124","0.9820523955240058"
"1001512","St Louis, MO","1506108","1.0171601385561819"
"1754592","Springfield, MO","1584372","1.0700162558359261"
"2394941","TANGER, MOROCCO","1598756","1.0797305867026316"
"2430894","Kansas City, MO","1609684","1.0871108847915747"
"3605809","Kansas City, MO","1644516","1.1106349095933744"
"3980479","St. Louis, MO","1745452","1.1788027141235321"
"2967520","West Plains, MO","1787012","1.2068705388468554"
"2452213","Kansas City, MO","1790036","1.2089128175273975"
"2529301","Kansas City, MO","1808900","1.2216527464393506"
"3234135","St. Louis, MO","1926940","1.3013718520779712"
"3629622","St. Louis, MO","1962204","1.3251876309769912"
"3513022","Springfield, MO","1969060","1.3298178765569504"
"3496834","Kansas City, MO","1970492","1.3307849873606992"
"1305808","St. Louis, MO","2071756","1.3991743088905982"
"1148093","Kansas City, MO","2082788","1.4066248440770203"
"2758063","St. Louis, MO","2156900","1.4566768803112583"
"3186804","Kansas City, MO","2196284","1.4832751288411756"
"3504932","Ponce de Leon, MO","2224932","1.5026227477698033"
"4020679","Kansas City, MO","2268692","1.5321763572474891"
"3869939","St. Charles, MO","2283916","1.5424579877476786"
"1303172","Willard, MO","2335820","1.5775117022433323"
"399922","St Peters, MO","2363164","1.5959786560266468"
"2262064","Columbia, MO","2411892","1.6288874376223661"
"2184052","Kansas City, MO","2412308","1.6291683860122820"
"3650367","Kansas City, MO","2474868","1.6714187015727031"
"3532904","St. Louis, MO","2484116","1.6776644003946784"
"3352585","Kansas City, MO","2603908","1.7585667309831370"
"3230138","Kansas City, MO","2614636","1.7658119577307744"
"3699930","St. Louis, MO","2643116","1.7850461167327052"
"3773940","Kansas City, MO","2660468","1.7967649063043873"
"3947298","St. Louis, MO","2672804","1.8050961066361225"
"1011164","St Louis, MO","2728828","1.8429322907626735"
"1046406","Kansas City, MO","2730388","1.8439858472248579"
"3009333","Kansas City, MO","2763404","1.8662834242476019"
"2754981","Springfield, MO","2780092","1.8775537769661490"
"1880423","St. Louis, MO","2823428","1.9068210352002669"
"2246427","St. Louis, MO","2848028","1.9234348101808672"
"589770","St Louis, MO","2871660","1.9393948398695480"
"592414","St Louis, MO","2872268","1.9398054567471174"
"1620510","Kansas City, MO","2909012","1.9646207635717995"
"1681454","Jefferson City, MO","2956452","1.9966596857295101"
"2596443","St. Louis, MO","2974372","2.0087620779105003"
"3446748","Kansas City, MO","3115292","2.1039333449944924"
"3466403","Columbia, MO","3116924","2.1050355271395469"
"1385337","Kansas City, MO","3153236","2.1295590798670087"
"1282027","Kansas City, MO","3180164","2.1477450852604074"
"2860610","St. Louis, MO","3244948","2.1914973941361478"
"2268631","Kansas City, MO","3260036","2.2016871761242494"
"1981316","Clarksville, MO","3284732","2.2183657853486765"
"1874476","Florissant, MO","3288524","2.2209267379798324"
"2946089","Belton, MO","3457812","2.3352565241146242"
"2068531","St. Louis, MO","3493140","2.3591155258428620"
"1297026","Kansas City, MO","3531292","2.3848817349103362"
"1098961","Greenwood, MO","3540596","2.3911652537078771"
"541434","Kansas City, MO","3573884","2.4136465277547968"
"717699","St Louis, MO","3576292","2.4152727867041174"
"3730824","Columbia, MO","3601388","2.4322215386111559"
"3119575","St. Louis, MO","3638556","2.4573231966794061"
"3135676","Kansas City, MO","3639628","2.4580471790688046"
"3100945","Kansas City, MO","3642068","2.4596950494327341"
"4202702","St. Louis, MO","3659676","2.4715867303212874"
"4005079","Kansas City, MO","3665644","2.4756172591458493"